{
  "filename": "S042_N10_C_R50.json",
  "n_nodes": 12,
  "num_customers": 10,
  "num_vehicles": 2,
  "num_drones": 2,
  "depot_idx": 0,
  "end_depot_idx": 11,
  "linehaul_indices": [
    2,
    3,
    8,
    9,
    10
  ],
  "backhaul_indices": [
    1,
    4,
    5,
    6,
    7
  ],
  "capacity_truck": 200,
  "capacity_drone": 20,
  "drone_duration": 1.0,
  "tau_l": 0.016666666666666666,
  "tau_r": 0.016666666666666666,
  "service_time": 0.08333333333333333,
  "V_TRUCK": 40.0,
  "V_DRONE": 60.0,
  "scale_factor": 1000,
  "coords": [
    [
      50.0,
      50.0
    ],
    [
      69.94284126413311,
      57.942715749936575
    ],
    [
      77.19630602505603,
      61.94900249434493
    ],
    [
      69.00155721928665,
      61.04950375207716
    ],
    [
      69.0257839917766,
      57.01634456345227
    ],
    [
      71.8473038492906,
      51.226142599102104
    ],
    [
      63.97978343297433,
      56.63011346076941
    ],
    [
      66.82813028168876,
      60.13625290811439
    ],
    [
      67.24735846094161,
      53.23004877239213
    ],
    [
      76.74204983871267,
      57.97615837578716
    ],
    [
      71.14956758177816,
      53.18027083287947
    ],
    [
      50.0,
      50.0
    ]
  ],
  "demands": {
    "0": 0,
    "1": -28,
    "2": 1,
    "3": 23,
    "4": -12,
    "5": -6,
    "6": -20,
    "7": -6,
    "8": 4,
    "9": 9,
    "10": 18,
    "11": 0
  },
  "time_windows": {
    "0": [
      0.0,
      12.0
    ],
    "1": [
      5.2019,
      6.2121
    ],
    "2": [
      2.4749,
      3.7
    ],
    "3": [
      4.9797,
      6.2158
    ],
    "4": [
      4.8313,
      5.8983
    ],
    "5": [
      2.7711,
      4.0565
    ],
    "6": [
      6.8515,
      8.0135
    ],
    "7": [
      2.7242,
      3.7877
    ],
    "8": [
      3.1475,
      4.1719
    ],
    "9": [
      3.5074,
      4.6513
    ],
    "10": [
      6.8933,
      8.1274
    ],
    "11": [
      0.0,
      12.0
    ]
  },
  "service_times": {
    "0": 0,
    "1": 0.08333333333333333,
    "2": 0.08333333333333333,
    "3": 0.08333333333333333,
    "4": 0.08333333333333333,
    "5": 0.08333333333333333,
    "6": 0.08333333333333333,
    "7": 0.08333333333333333,
    "8": 0.08333333333333333,
    "9": 0.08333333333333333,
    "10": 0.08333333333333333,
    "11": 0
  },
  "distance_matrix": [
    [
      0.0,
      27.885557014069683,
      39.14530851940096,
      30.05106097136381,
      26.042128555228878,
      23.0734464483927,
      20.609896893743738,
      26.96438318980315,
      20.477407233333743,
      34.71820821449983,
      24.32983841465763,
      0.0
    ],
    [
      27.885557014069683,
      0.0,
      11.25975150533128,
      4.048072046987038,
      1.8434284588408048,
      8.62103573599196,
      7.275660120325945,
      5.308248140622169,
      7.40814978073594,
      6.832651200430149,
      5.969171234702152,
      27.885557014069683
    ],
    [
      39.14530851940096,
      11.25975150533128,
      0.0,
      9.094247548037153,
      13.103179964172085,
      16.071862071008262,
      18.535411625657225,
      12.180925329597812,
      18.66790128606722,
      4.427100304901131,
      14.815470104743333,
      39.14530851940096
    ],
    [
      30.05106097136381,
      4.048072046987038,
      9.094247548037153,
      0.0,
      4.057385961114839,
      12.669107782978998,
      9.441164077620073,
      3.0866777815606596,
      9.573653738030067,
      10.813837995716021,
      10.01724328168919,
      30.05106097136381
    ],
    [
      26.042128555228878,
      1.8434284588408048,
      13.103179964172085,
      4.057385961114839,
      0.0,
      8.611721821864158,
      5.43223166148514,
      5.3175620547499705,
      5.564721321895135,
      8.676079659270954,
      5.959857320574351,
      26.042128555228878
    ],
    [
      23.0734464483927,
      8.62103573599196,
      16.071862071008262,
      12.669107782978998,
      8.611721821864158,
      0.0,
      13.271491277983571,
      13.929283876614129,
      6.603851561639011,
      11.64476176610713,
      2.6518645012898077,
      23.0734464483927
    ],
    [
      20.609896893743738,
      7.275660120325945,
      18.535411625657225,
      9.441164077620073,
      5.43223166148514,
      13.271491277983571,
      0.0,
      6.354486296059413,
      6.66763971634456,
      14.108311320756094,
      10.619626776693764,
      20.609896893743738
    ],
    [
      26.96438318980315,
      5.308248140622169,
      12.180925329597812,
      3.0866777815606596,
      5.3175620547499705,
      13.929283876614129,
      6.354486296059413,
      0.0,
      7.325432314975117,
      12.074014089351152,
      11.277419375324321,
      26.96438318980315
    ],
    [
      20.477407233333743,
      7.40814978073594,
      18.66790128606722,
      9.573653738030067,
      5.564721321895135,
      6.603851561639011,
      6.66763971634456,
      7.325432314975117,
      0.0,
      14.240800981166089,
      3.9519870603492038,
      20.477407233333743
    ],
    [
      34.71820821449983,
      6.832651200430149,
      4.427100304901131,
      10.813837995716021,
      8.676079659270954,
      11.64476176610713,
      14.108311320756094,
      12.074014089351152,
      14.240800981166089,
      0.0,
      10.388369799842202,
      34.71820821449983
    ],
    [
      24.32983841465763,
      5.969171234702152,
      14.815470104743333,
      10.01724328168919,
      5.959857320574351,
      2.6518645012898077,
      10.619626776693764,
      11.277419375324321,
      3.9519870603492038,
      10.388369799842202,
      0.0,
      24.32983841465763
    ],
    [
      0.0,
      27.885557014069683,
      39.14530851940096,
      30.05106097136381,
      26.042128555228878,
      23.0734464483927,
      20.609896893743738,
      26.96438318980315,
      20.477407233333743,
      34.71820821449983,
      24.32983841465763,
      0.0
    ]
  ],